Title,Author,Year,Citation count,Open access,Abstract,DOI
The Lancet Commission on pollution and health,Philip J. Landrigan|Richard Fuller|Nereus J R Acosta|Olusoji Adeyi|Robert G. Arnold|Niladri Basu|Abdoulaye Bibi Baldé|Roberto Bertollini|Stephan Böse‐O’Reilly|Jo Ivey Boufford|Patrick N. Breysse|Thomas C. Chiles|Chulabhorn Mahidol|Awa Marie Coll‐Seck|Maureen Cropper|Julius N. Fobil|Valentı́n Fuster|Michael Greenstone|Andy Haines|David Hanrahan|David J. Hunter|Mukesh Khare|Alan Krupnick|Bruce P. Lanphear|B. N. Lohani|Keith Martin|Karen V Mathiasen|Maureen A. McTeer|Christopher J L Murray|Johanita D Ndahimananjara|Frederica P. Perera|Janez Potočnik|Alexander S. Preker|Jairam Ramesh|Johan Rockström|Carlos A. Aguilar‐Salinas|Leona D. Samson|Karti Sandilya|Peter D. Sly|Kirk R. Smith|Achim Steiner|Richard B. Stewart|William A. Suk|Onno C. P. van Schayck|Gautam N. Yadama|Kandeh K. Yumkella|Zhong Ma,2017,4913,Open Access,,https://doi.org/10.1016/s0140-6736(17)32345-0
What Determines Productivity?,Chad Syverson,2011,2798,NOT Open Access,,https://doi.org/10.1257/jel.49.2.326
Creative accounting or creative destruction? Firm-level productivity growth in Chinese manufacturing,Loren Brandt|Johannes Van Biesebroeck|Yifan Zhang,2011,2327,Open Access,,https://doi.org/10.1016/j.jdeveco.2011.02.002
The Fall of the Labor Share and the Rise of Superstar Firms*,David Autor|David Dorn|Lawrence F. Katz|Christina Patterson|John Van Reenen,2020,2162,Open Access,"Abstract The fall of labor’s share of GDP in the United States and many other countries in recent decades is well documented but its causes remain uncertain. Existing empirical assessments typically rely on industry or macro data, obscuring heterogeneity among firms. In this article, we analyze micro panel data from the U.S. Economic Census since 1982 and document empirical patterns to assess a new interpretation of the fall in the labor share based on the rise of “superstar firms.” If globalization or technological changes push sales toward the most productive firms in each industry, product market concentration will rise as industries become increasingly dominated by superstar firms, which have high markups and a low labor share of value added. We empirically assess seven predictions of this hypothesis: (i) industry sales will increasingly concentrate in a small number of firms; (ii) industries where concentration rises most will have the largest declines in the labor share; (iii) the fall in the labor share will be driven largely by reallocation rather than a fall in the unweighted mean labor share across all firms; (iv) the between-firm reallocation component of the fall in the labor share will be greatest in the sectors with the largest increases in market concentration; (v) the industries that are becoming more concentrated will exhibit faster growth of productivity; (vi) the aggregate markup will rise more than the typical firm’s markup; and (vii) these patterns should be observed not only in U.S. firms but also internationally. We find support for all of these predictions.",https://doi.org/10.1093/qje/qjaa004
The Global Decline of the Labor Share*,Loukas Karabarbounis|Brent Neiman,2013,1987,NOT Open Access,,https://doi.org/10.1093/qje/qjt032
Evidence on the impact of sustained exposure to air pollution on life expectancy from China’s Huai River policy,Yuyu Chen|Avraham Ebenstein|Michael Greenstone|Hongbin Li,2013,1789,Open Access,"This paper's findings suggest that an arbitrary Chinese policy that greatly increases total suspended particulates (TSPs) air pollution is causing the 500 million residents of Northern China to lose more than 2.5 billion life years of life expectancy. The quasi-experimental empirical approach is based on China's Huai River policy, which provided free winter heating via the provision of coal for boilers in cities north of the Huai River but denied heat to the south. Using a regression discontinuity design based on distance from the Huai River, we find that ambient concentrations of TSPs are about 184 μg/m(3) [95% confidence interval (CI): 61, 307] or 55% higher in the north. Further, the results indicate that life expectancies are about 5.5 y (95% CI: 0.8, 10.2) lower in the north owing to an increased incidence of cardiorespiratory mortality. More generally, the analysis suggests that long-term exposure to an additional 100 μg/m(3) of TSPs is associated with a reduction in life expectancy at birth of about 3.0 y (95% CI: 0.4, 5.6).",https://doi.org/10.1073/pnas.1300018110
Capital Accumulation and Economic Growth,Nicholas Kaldor,1961,1701,NOT Open Access,,https://doi.org/10.1007/978-1-349-08452-4_10
Killing Me Softly: The Fetal Origins Hypothesis,Douglas Almond|Janet Currie,2011,1654,Open Access,"In the epidemiological literature, the fetal origins hypothesis associated with David J. Barker posits that chronic, degenerative conditions of adult health, including heart disease and type 2 diabetes, may be triggered by circumstances decades earlier, particularly, by in utero nutrition. Economists have expanded on this hypothesis, investigating a broader range of fetal shocks and circumstances and have found a wealth of later-life impacts on outcomes including test scores, educational attainment, and income, along with health. In the process, they have provided some of the most credible observational evidence in support of the hypothesis. The magnitude of the impacts is generally large. Thus, the fetal origins hypothesis has not only survived contact with economics, but has flourished.",https://doi.org/10.1257/jep.25.3.153
Capital is Back: Wealth-Income Ratios in Rich Countries 1700–2010 *,Thomas Piketty|Gabriel Zucman,2014,1337,Open Access,"Abstract How do aggregate wealth-to-income ratios evolve in the long run and why? We address this question using 1970–2010 national balance sheets recently compiled in the top eight developed economies. For the United States, United Kingdom, Germany, and France, we are able to extend our analysis as far back as 1700. We find in every country a gradual rise` of wealth-income ratios in recent decades, from about 200–300% in 1970 to 400–600% in 2010. In effect, today’s ratios appear to be returning to the high values observed in Europe in the eighteenth and nineteenth centuries (600–700%). This can be explained by a long-run asset price recovery (itself driven by changes in capital policies since the world wars) and by the slowdown of productivity and population growth, in line with the β=sg Harrod-Domar-Solow formula. That is, for a given net saving rate s = 10%, the long-run wealth-income ratio β is about 300% if g = 3% and 600% if g = 1.5%. Our results have implications for capital taxation and regulation and shed new light on the changing nature of wealth, the shape of the production function, and the rise of capital shares.",https://doi.org/10.1093/qje/qju018
Does environmental regulation drive away inbound foreign direct investment? Evidence from a quasi-natural experiment in China,Xiqian Cai|Yi Lu|Mingqin Wu|Linhui Yu,2016,1283,NOT Open Access,,https://doi.org/10.1016/j.jdeveco.2016.08.003
The Impact of Pollution on Worker Productivity,Joshua Graff Zivin|Matthew Neidell,2012,1083,Open Access,"This paper assesses the impact of pollution on worker productivity by relating exogenous daily variations in ozone with productivity of agricultural workers as recorded under piece rate contracts. We find robust evidence that ozone levels well below federal air quality standards have a significant impact on productivity. These results suggest that, in contrast to common characterizations of environmental protection as a tax on producers, environmental protection can also be viewed as an investment in human capital, and thus a tool for promoting economic growth.",https://doi.org/10.1257/aer.102.7.3652
"Climate Change, Mortality, and Adaptation: Evidence from Annual Fluctuations in Weather in the US",Olivier Deschênes|Michael Greenstone,2011,1062,Open Access,"Using random year-to-year variation in temperature, we document the relationship between daily temperatures and annual mortality rates and daily temperatures and annual residential energy consumption. Both relationships exhibit nonlinearities, with significant increases at the extremes of the temperature distribution. The application of these results to “business as usual” climate predictions indicates that by the end of the century climate change will lead to increases of 3 percent in the age-adjusted mortality rate and 11 percent in annual residential energy consumption. These estimates likely overstate the long-run costs, because climate change will unfold gradually allowing individuals to engage in a wider set of adaptations. (JEL I12, Q41, Q54)",https://doi.org/10.1257/app.3.4.152
Knowledge Work and Knowledge-Intensive Firms,Mats Alvesson,2004,902,NOT Open Access,,https://doi.org/10.1093/oso/9780199259342.001.0001
The Mortality and Medical Costs of Air Pollution: Evidence from Changes in Wind Direction,Tatyana Deryugina|Garth Heutel|Nolan Miller|David Molitor|Julian Reif,2019,779,NOT Open Access,,https://doi.org/10.1257/aer.20180279
New evidence on the impact of sustained exposure to air pollution on life expectancy from China’s Huai River Policy,Avraham Ebenstein|Maoyong Fan|Michael Greenstone|Guojun He|Maigeng Zhou,2017,743,NOT Open Access,,https://doi.org/10.1073/pnas.1616784114
"Airports, Air Pollution, and Contemporaneous Health",Wolfram Schlenker|William R. Walker,2015,609,NOT Open Access,,https://doi.org/10.1093/restud/rdv043
"In Search of Pollution Havens? Dirty Industry in the World Economy, 1960 to 1995",Muthukumara Mani|David Wheeler,1998,601,NOT Open Access,,https://doi.org/10.1177/107049659800700302
Particulate Pollution and the Productivity of Pear Packers,Tom Chang|Joshua Graff Zivin|Tal Gross|Matthew Neidell,2016,594,NOT Open Access,,https://doi.org/10.1257/pol.20150085
Does the Effect of Pollution on Infant Mortality Differ Between Developing and Developed Countries? Evidence from Mexico City,Eva Arceo|Rema Hanna|Paulina Oliva,2015,571,NOT Open Access,,https://doi.org/10.1111/ecoj.12273
Environmental regulation and firm exports: Evidence from the eleventh Five-Year Plan in China,Xinzheng Shi|Zhufeng Xu,2018,569,NOT Open Access,,https://doi.org/10.1016/j.jeem.2018.03.003
The Effect of Pollution on Worker Productivity: Evidence from Call Center Workers in China,Tom Chang|Joshua Graff Zivin|Tal Gross|Matthew Neidell,2019,502,Open Access,"We investigate the effect of pollution on worker productivity in the service sector by focusing on two call centers in China. Using precise measures of each worker’s daily output linked to daily measures of pollution and meteorology, we find that higher levels of air pollution decrease worker productivity. These results manifest themselves at levels of pollution commonly found in large cities throughout the developing and developed world. (JEL J24, L84, O13, P23, P28, Q51, Q53)",https://doi.org/10.1257/app.20160436
Air Pollution and Human Health,Lester B. Lave|Eugene P. Seskin,2013,498,NOT Open Access,,https://doi.org/10.4324/9781315064451
Severe Air Pollution and Labor Productivity: Evidence from Industrial Towns in China,Jiaxiu He|Haoming Liu|Alberto Salvo,2019,460,NOT Open Access,,https://doi.org/10.1257/app.20170286
Production Function Estimation in Stata using Inputs to Control for Unobservables,Amil Petrin|Brian P. Poi|James Levinsohn,2004,457,Open Access,"A key issue in the estimation of production functions is the correlation between unobservable productivity shocks and input levels. Profit-maximizing firms respond to positive productivity shocks by expanding output, which requires additional inputs. Negative shocks lead firms to pare back output, decreasing their input usage. Olley and Pakes (1996) develop an estimator that uses investment as a proxy for these unobservable shocks. More recently, Levinsohn and Petrin (2003a) introduce an estimator that uses intermediate inputs as proxies, arguing that intermediates may respond more smoothly to productivity shocks. This paper reviews Levinsohn and Petrin's approach and introduces a Stata command that implements it.",https://doi.org/10.1177/1536867x0400400202
Health damages from air pollution in China,"Nam, Kyungmin|Kira Matus|Noelle E. Selin|Lok N. Lamsal|John Reilly|Sergey Paltsev",2012,445,NOT Open Access,,https://doi.org/10.1016/j.gloenvcha.2011.08.006
"Air pollution, affect, and forecasting bias: Evidence from Chinese financial analysts",Rui Dong|Raymond Fisman|Yong‐Xiang Wang|Nianhang Xu,2019,439,NOT Open Access,,https://doi.org/10.1016/j.jfineco.2019.12.004
Half the world’s population are exposed to increasing air pollution,Gavin Shaddick|Matthew L. Thomas|Pierpaolo Mudu|G Ruggeri|Sophie Gumy,2020,436,Open Access,"Abstract Air pollution is high on the global agenda and is widely recognised as a threat to both public health and economic progress. The World Health Organization (WHO) estimates that 4.2 million deaths annually can be attributed to outdoor air pollution. Recently, there have been major advances in methods that allow the quantification of air pollution-related indicators to track progress towards the Sustainable Development Goals and that expand the evidence base of the impacts of air pollution on health. Despite efforts to reduce air pollution in many countries there are regions, notably Central and Southern Asia and Sub-Saharan Africa, in which populations continue to be exposed to increasing levels of air pollution. The majority of the world’s population continue to be exposed to levels of air pollution substantially above WHO Air Quality Guidelines and, as such, air pollution constitutes a major, and in many areas, increasing threat to public health.",https://doi.org/10.1038/s41612-020-0124-2
The effect of air pollution on migration: Evidence from China,Shuai Chen|Paulina Oliva|Peng Zhang,2022,428,NOT Open Access,,https://doi.org/10.1016/j.jdeveco.2022.102833
Factor Substitution and Factor-Augmenting Technical Progress in the United States: A Normalized Supply-Side System Approach,Rainer Klump|Peter McAdam|Alpo Willman,2007,400,Open Access,"Using a normalized CES function with factor-augmenting technical progress, we estimate a supply-side system of the U.S. economy from 1953 to 1998. Avoiding potential estimation biases that may have occurred in earlier studies and putting a high emphasis on data consistency, we obtain robust results not only for the aggregate elasticity of substitution but also for the parameters of labor and capital augmenting technical change. We find that the elasticity of substitution is significantly below unity and that technical progress shows an asymmetrical pattern where the growth of labor-augmenting technical progress is exponential, while that of capital is hyperbolic or logarithmic.",https://doi.org/10.1162/rest.89.1.183
Economic Impacts from PM 2.5 Pollution-Related Health Effects in China: A Provincial-Level Analysis,Yang Xie|Hancheng Dai|Huijuan Dong|Tatsuya Hanaoka|Toshihiko Masui,2016,384,NOT Open Access,,https://doi.org/10.1021/acs.est.5b05576
Air Pollution and Manufacturing Firm Productivity: Nationwide Estimates for China,Shihe Fu|V. Brian Viard|Peng Zhang,2021,382,NOT Open Access,,https://doi.org/10.1093/ej/ueab033
The effect of air pollution on mortality in China: Evidence from the 2008 Beijing Olympic Games,Guojun He|Maoyong Fan|Maigeng Zhou,2016,381,NOT Open Access,,https://doi.org/10.1016/j.jeem.2016.04.004
"From “Made in China” to “Innovated in China”: Necessity, Prospect, and Challenges",Shang‐Jin Wei|Zhuan Xie|Xiaobo Zhang,2017,364,Open Access,"After more than three decades of high growth based on its low-wage advantage and relatively favorable demographics—in combination with market-oriented reforms and openness to the world economy—China is at a crossroads with a much higher wage and a shrinking work force. Future growth will depend, by necessity, more on the generation of increased productivity, and domestic innovation will play an important part in this. In this paper, we assess the likelihood that China can make the necessary transition. Using data on expenditure on research and development, and patent applications, receipts, and citations, we show that the Chinese economy has become increasingly innovative. We will argue that rising wages and expanding markets are among the important drivers of China's growth in innovation. On the other hand, we find evidence of resource misallocation in the innovation area: while state-owned firms receive more subsidies, private firms exhibit more innovation results. Innovation can presumably progress even faster if resource misallocation can be tackled.",https://doi.org/10.1257/jep.31.1.49
Unbundling the Pollution Haven Hypothesis,M. Scott Taylor,2005,319,NOT Open Access,,https://doi.org/10.2202/1538-0637.1408
Challenges of working with the Chinese NBS firm-level data,Loren Brandt|Johannes Van Biesebroeck|Yifan Zhang,2014,309,NOT Open Access,,https://doi.org/10.1016/j.chieco.2014.04.008
Income uncertainty and household savings in China,Marcos Chamon|Kai Liu|Eswar Prasad,2013,276,Open Access,,https://doi.org/10.1016/j.jdeveco.2013.07.014
Estimating the effect of air pollution on road safety using atmospheric temperature inversions,Lutz Sager,2019,274,Open Access,Does air quality influence road safety? We estimate the effect of increased air pollution on the number of road traffic accidents in the United Kingdom between 2009 and 2014. To address concerns of spurious correlation we exploit atmospheric temperature inversions as a source of plausibly exogenous variation in daily air pollution levels. We find an increase of 0.3–0.6% in the number of vehicles involved in accidents per day for each additional 1 μg/m3 of PM2.5. The finding suggests that less safe roads may present a large and previously overlooked cost of air pollution. The results are robust to a number of specifications and across various sub-samples.,https://doi.org/10.1016/j.jeem.2019.102250
The effect of air pollution on body weight and obesity: Evidence from China,Olivier Deschênes|Huixia Wang|Si Wang|Peng Zhang,2020,250,Open Access,,https://doi.org/10.1016/j.jdeveco.2020.102461
Micro Data and Macro Technology,Ezra Oberfield|Devesh Raval,2021,250,Open Access,"We develop a framework to estimate the aggregate capital‐labor elasticity of substitution by aggregating the actions of individual plants. The aggregate elasticity reflects substitution within plants and reallocation across plants; the extent of heterogeneity in capital intensities determines their relative importance. We use micro data on the cross‐section of plants to build up to the aggregate elasticity at a point in time. Interpreting our econometric estimates through the lens of several different models, we find that the aggregate elasticity for the U.S. manufacturing sector is in the range of 0.5–0.7, and has declined slightly since 1970. We use our estimates to measure the bias of technical change and assess the decline in labor's share of income in the U.S. manufacturing sector. Mechanisms that rely on changes in the relative supply of factors, such as an acceleration of capital accumulation, cannot account for the decline.",https://doi.org/10.3982/ecta12807
"Air Quality and Error Quantity: Pollution and Performance in a High-Skilled, Quality-Focused Occupation",James Archsmith|Anthony Heyes|Soodeh Saberian,2018,227,Open Access,"We provide the first evidence that short-term exposure to air pollution affects the work performance of a group of highly skilled, quality-focused employees. We repeatedly observe the decision making of individual professional baseball umpires, quasi-randomly assigned to varying air quality across time and space. Unique characteristics of this setting combined with high-frequency data disentangle effects of multiple pollutants and identify previously underexplored acute effects. We find that a 1 ppm increase in 3-hour CO causes an 11.5% increase in the propensity of umpires to make incorrect calls and a 10 μg/m3 increase in 12-hour PM2.5 causes a 2.6% increase. We control carefully for a variety of potential confounders, and results are supported by robustness and falsification checks. Our estimates imply that a 3% reduction in productive output is associated with a change in CO concentrations equivalent to moving from the 25th to the 95th percentile of the CO distribution in many of the largest US cities.",https://doi.org/10.1086/698728
"Air Pollution, Student Health, and School Absences: Evidence from China",Siyu Chen|Chongshan Guo|Xinfei Huang,2018,215,NOT Open Access,,https://doi.org/10.1016/j.jeem.2018.10.002
The Micro-Level Anatomy of the Labor Share Decline*,Matthias Kehrig|Nicolas Vincent,2021,209,NOT Open Access,,https://doi.org/10.1093/qje/qjab002
Recasting the Iron Rice Bowl: The Reform of China's State-Owned Enterprises,Daniel Berkowitz|Hong Ma|Shuichiro Nishioka,2016,207,NOT Open Access,,https://doi.org/10.1162/rest_a_00637
Brain drain: The impact of air pollution on firm performance,Shuyu Xue|Bohui Zhang|Xiaofeng Zhao,2021,202,NOT Open Access,,https://doi.org/10.1016/j.jeem.2021.102546
The personal and the factor distributions of income in a cross-section of countries,Emilie Daudey|Cecilia Garcı́a-Peñalosa,2007,199,NOT Open Access,,https://doi.org/10.1080/00220380701384406
Particulate matter and labor supply: The role of caregiving and non-linearities,Fernando M. Aragón|Juan José Miranda|Paulina Oliva,2017,185,Open Access,,https://doi.org/10.1016/j.jeem.2017.02.008
The factor income distribution in China: 1978–2007,Chong‐En Bai|Zhenjie Qian,2010,136,NOT Open Access,,https://doi.org/10.1016/j.chieco.2010.08.004
Air pollution and life expectancy in China and beyond,C. Arden Pope|Douglas W. Dockery,2013,118,Open Access,"In PNAS, Chen et al. (1) present findings that implicate long-term exposure to air pollution as contributing to enormous loss of life expectancy (LE) in China. These results are based on a clever quasiexperimental, regression discontinuity design exploiting a Chinese policy that provided free coal for heating in cities north of the Huai River, but not in the south. A spatial discontinuity for particulate matter air pollution (PM), presumably from coal combustion, was observed. A spatial discontinuity of reduced LE of 5+ y was also observed. If true, these results suggest enormous health costs associated with air pollution in China and have important environmental, economic, and public health policy implications. However, are the results plausible? Are they coherent with other epidemiological studies?",https://doi.org/10.1073/pnas.1310925110
Mitigating the air pollution effect? The remarkable decline in the pollution-mortality relationship in Hong Kong,Chun Wai Cheung|Guojun He|Yuhang Pan,2020,113,Open Access,,https://doi.org/10.1016/j.jeem.2020.102316
Globalization and pollution: tele-connecting local primary PM 2.5 emissions to global consumption,Jing Meng|Junfeng Liu|Yuan Xu|Dabo Guan|Zhu Liu|Ye Huang|Shu Tao,2016,107,Open Access,"Globalization pushes production and consumption to geographically diverse locations and generates a variety of sizeable opportunities and challenges. The distribution and associated effects of short-lived primary fine particulate matter (PM 2.5 ), a representative of local pollution, are significantly affected by the consumption through global supply chain. Tele-connection is used here to represent the link between production and consumption activity at large distances. In this study, we develop a global consumption-based primary PM 2.5 emission inventory to track primary PM 2.5 emissions embodied in the supply chain and evaluate the extent to which local PM 2.5 emissions are triggered by international trade. We further adopt consumption-based accounting and identify the global original source that produced the emissions. We find that anthropogenic PM 2.5 emissions from industrial sectors accounted for 24 Tg globally in 2007; approximately 30% (7.2 Tg) of these emissions were embodied in export of products principally from Brazil, South Africa, India and China (3.8 Tg) to developed countries. Large differences (up to 10 times) in the embodied emissions intensity between net importers and exporters greatly increased total global PM 2.5 emissions. Tele-connecting production and consumption activity provides valuable insights with respect to mitigating long-range transboundary air pollution and prompts concerted efforts aiming at more environmentally conscious globalization.",https://doi.org/10.1098/rspa.2016.0380
Do corporate income tax cuts decrease labor share? Regression discontinuity evidence from China,Bing Li|Chang Liu|Stephen Teng Sun,2021,96,NOT Open Access,,https://doi.org/10.1016/j.jdeveco.2021.102624
Why is labour receiving a smaller share of global income?*,Mai Dao|Mitali Das|Zsóka Kóczán,2019,90,NOT Open Access,,https://doi.org/10.1093/epolic/eiaa004
Incomplete transitions to clean household energy reinforce gender inequality by lowering women’s respiratory health and household labour productivity,Poushali Maji|Zia Mehrabi|Milind Kandlikar,2020,84,NOT Open Access,,https://doi.org/10.1016/j.worlddev.2020.105309
Air pollution and brain drain: Evidence from college graduates in China,Wangyang Lai|Hong Song|Chang Wang|Huanhuan Wang,2021,80,NOT Open Access,,https://doi.org/10.1016/j.chieco.2021.101624
Escaping from pollution: the effect of air quality on inter-city population mobility in China,Can Cui|Zhen Wang|Pan He|Shanfeng Yuan|Beibei Niu|Ping Kang|Chaogui Kang,2019,77,Open Access,"Abstract China faces severe air pollution issues due to the rapid growth of the economy, causing concerns for human physical and mental health as well as behavioral changes. Such adverse impacts can be mediated by individual avoidance behaviors such as traveling from polluted cities to cleaner ones. This study utilizes smartphone-based location data and instrumental variable regression to try and find out how air quality affects population mobility. Our results confirm that air quality does affect the population outflows of cities. An increase of 100 points in the air quality index will cause a 49.60% increase in population outflow, and a rise of 1 μg m−3 in PM2.5 may cause a 0.47% rise in population outflow. Air pollution incidents can drive people to leave their cities 3 days or a week later by railway or road. The effect is heterogeneous among workdays, weekends and holidays. Our results imply that air quality management can be critical for urban tourism and environmental competitiveness.",https://doi.org/10.1088/1748-9326/ab5039
The short-term impact of air pollution on medical expenditures: Evidence from Beijing,Fan Xia|Jianwei Xing|Jintao Xu|Xiaochuan Pan,2022,76,NOT Open Access,,https://doi.org/10.1016/j.jeem.2022.102680
Air pollution and academic performance: Evidence from India,Uttara Balakrishnan|Magda Tsaneva,2021,69,NOT Open Access,,https://doi.org/10.1016/j.worlddev.2021.105553
"Productive knowledge, economic sophistication, and labor share",Imran Arif,2020,60,NOT Open Access,,https://doi.org/10.1016/j.worlddev.2020.105303
Union effects on performance and employment relations: Evidence from China,Yi Lu|Zhigang Tao|Yijiang Wang,2010,108,Open Access,,https://doi.org/10.1016/j.chieco.2010.01.001
"Globalization, creative destruction, and labour share change: evidence on the determinants and mechanisms from longitudinal plant-level data",Petri Böckerman|Mika Maliranta,2011,76,NOT Open Access,,https://doi.org/10.1093/oep/gpr031
Impact of air pollution on short-term movements: evidence from air travels in China,Shuai Chen|Yuyu Chen|Ziteng Lei|Jie‐Sheng Tan‐Soo,2020,68,NOT Open Access,,https://doi.org/10.1093/jeg/lbaa005
Micro-mechanisms behind declining labor shares: Rising market power and changing modes of production,Matthias Mertens,2021,42,NOT Open Access,,https://doi.org/10.1016/j.ijindorg.2021.102808
High priority violations and intra-firm pollution substitution,Binish Rijal|Neha Khanna,2020,30,Open Access,,https://doi.org/10.1016/j.jeem.2020.102359
Do firms' political connections depress the union wage effect? Evidence from China,Yang Song|Jidong Yang|Qijing Yang,2016,29,NOT Open Access,,https://doi.org/10.1016/j.chieco.2016.01.006
The multiplicative impacts of working hours and fine particulate matter concentration on life expectancy: A longitudinal analysis of US States,Andrew K. Jorgenson|Jared Berry Fitzgerald|Ryan P. Thombs|Terrence D. Hill|Jennifer E. Givens|Brett Clark|Juliet B. Schor|Xiaorui Huang|Orla Kelly|Peter Ore,2020,22,NOT Open Access,,https://doi.org/10.1016/j.envres.2020.110117
Temperature inversions in China derived from sounding data from 1976 to 2015,Tingting Xu|Bing Liu|Minsi Zhang|Yu Song|Ling Kang|Tiantian Wang|Mingxu Liu|Xuhui Cai|Hongsheng Zhang|Tong Zhu,2021,10,Open Access,"Temperature inversions inhibit the transfer of momentum, heat and moisture in the atmosphere and have led to severe air pollution in China. This study investigated the spatiotemporal variation in temperature inversions in China using sounding data for the past four decades. Surface-based inversion, elevated inversion, and both in one sounding dataset were analysed. Statistical analyses of inversion parameters included frequency, strength and depth. The annual frequency of total inversions showed no significant increasing or decreasing trend with mean values of 0.78, 0.33, 0.24, 0.28, 0.5 and 0.36 at six stations representing different climate zones—Beijing, Harbin, Haikou, Shaowu, Ruoqiang, and Xining, respectively. The annual inversion strength and depth showed downward trends. Monthly variation in inversion frequency and strength differed among stations. The weakest surface-based inversion was found in summer at Beijing and Harbin with mean values of 1 and 1.3 °C, respectively; the strongest surface-based inversion was found in winter with respective mean values of 3.5 and 3.6 °C. Higher surface temperature in summer and subsidence aloft in winter may explain the monthly variation in inversion depth with a minimum in summer, with mean values of 165, 334, 135, 267, 363 and 420 m, and a maximum in winter, with mean values of 250, 646, 140, 591, 806 and 664 m, at the six respective stations. Total inversion was least frequent in southwestern China (mean 0.15), surface-based inversion was most frequent in the north (mean 0.78), and elevated inversion was most frequent in the southeast (mean 0.42). The strongest, deepest surface-based inversion dominated in the north (mean 3.4 °C and 398 m). Elevated inversion strength did not significantly differ among regions (mean 2.5 °C). The deepest elevated inversion dominated in the southeast (mean 654 m). Future efforts should focus on the interactions between aerosols and temperature inversions and accurate model simulations of temperature inversions.",https://doi.org/10.1080/16000889.2021.1898906
Declining Labor Share: Is China's Case Different?,Changyuan Luo|Jun Zhang,2010,38,Open Access,"Abstract This paper explores why labor share in China has declined since the middle of the 1990s. Existing literature usually ascribes the labor share decline in developed countries to biased technological progress. However, our investigation shows that China's case is different. Using a simultaneous equation model estimated with three‐stage least squares, we find that FDI, levels of economic development and privatization have negative effects on the labor share. The negative influence of FDI on labor share results from regional competition for FDI, which weakens labor forces' bargaining power. A U‐shaped relationship exists between labor share and the level of economic development, and China is now on the declining part of the curve. The negative effects of privatization on the labor share stem from the elimination of the so‐called “wage costs eroding profit” situation and the positive supply shock on the labor market.",https://doi.org/10.1111/j.1749-124x.2010.01217.x
The evolving pattern of the wage–labor productivity nexus in China: Evidence from manufacturing firm-level data,Jun Zhang|Xiaofeng Liu,2013,27,NOT Open Access,,https://doi.org/10.1016/j.ecosys.2013.05.001
"Environmental pollution, environmental regulation, and labor income share",Yulin Liu|Jun Wang,2020,20,NOT Open Access,,https://doi.org/10.1007/s11356-020-10408-9
Endogenous Education and Long-Run Factor Shares,Gene M. Grossman|Elhanan Helpman|Ezra Oberfield|Thomas Sampson,2021,15,Open Access,"We study the determinants of factor shares in a neoclassical environment with capital-skill complementarity and endogenous education. In this environment estimates of the elasticity of substitution between capital and labor that fail to account for human capital levels will be biased upward. We develop a model with overlapping generations, technology-driven neoclassical growth, and ongoing increases in educational attainment. For a class of production functions featuring capital-skill complementarity, a balanced growth path exists and is characterized by an inverse relationship between the rates of capital-and labor-augmenting technological progress and the capital share in national income. (JEL D33, E25, J24, O33)",https://doi.org/10.1257/aeri.20200350
"Environmental Regulation, Compliance Strategies, and Productivity: Evidence from China",Mengdi Liu|Ron Shadbegian|Bing Zhang,2021,9,NOT Open Access,,https://doi.org/10.3368/le.98.1.073020-0118r1
Distribution According to One's Labor,V. Rutgaizer|Iu. E. Sheviakhov,1987,2,NOT Open Access,,https://doi.org/10.2753/pet1061-1991300731
When Should You Adjust Standard Errors for Clustering?,Alberto Abadie|Susan Athey|Guido W. Imbens|Jeffrey M. Wooldridge,2017,1395,NOT Open Access,,https://doi.org/10.3386/w24003
The Effect of Air Pollution on Migration: Evidence from China,Shuai Chen|Paulina Oliva|Peng Zhang,2017,163,Open Access,"This paper looks at the effects of air pollution on migration in China using changes in the average strength of thermal inversions over five-year periods as a source of exogenous variation for medium-run air pollution levels. Our findings suggest that air pollution is responsible for large changes in inflows and outflows of migration in China. More specifically, we find that independent changes in air pollution of the magnitude that occurred in China in the course of our study (between 1996 and 2010) are capable of reducing floating migration inflows by 50 percent and of reducing population through net outmigration by 5 percent in a given county. We find that these inflows are primarily driven by well educated people at the beginning of their professional careers, leading to substantial changes in the sociodemographic composition of the population and labor force of Chinese counties. Our results are robust to different specifications, including simple counts of inversions as instruments, different weather controls, and different forms of error variance.",https://doi.org/10.3386/w24036
Going Green in China: Firms’ Responses to Stricter Environmental Regulations,Haichao Fan|Joshua Graff Zivin|Zonglai Kou|Xueyue Liu|Huanhuan Wang,2019,138,Open Access,"This paper examines the effect of stringent environmental regulations on firms' environmental practices, economic performance, and environmental innovation. Reducing COD levels by 10% relative to 2005 levels is an aim of the Chinese 11th Five-Year Plan. Using a difference-indifferences framework based on a comprehensive firm-level dataset, we find that more stringent environmental regulations faced by firms are positively associated with a greater probability of reducing COD emissions; also, there exists an evident heterogeneous effect across industries with different pollution intensities. Stricter environmental regulations also account for the sharp decline in firms' profits, capital, and labor. After executing a complete chain of tests of the underlying mechanisms, we find that firms rely more on recycling and abatement investment than on innovations when meeting environmental requirements.",https://doi.org/10.3386/w26540
How Will China's Saving-Investment Balance Evolve ?,Louis Kuijs,2006,115,Open Access,"""This paper investigates how China's saving, investment, and saving-investment balance will evolve in the decades ahead. Household saving in China is relatively high compared with OECD countries. However, much of China's high economywide saving, and the difference between China and other countries, are due to unusually high enterprise and government saving. Moreover, cross-country empirical analysis shows that economywide saving and investment in China are higher than what would be expected, even adjusting for differences in economic structure. Combined, these findings suggest that much of China's high saving is the result of policies particular to China. Looking ahead, the econometric results suggest that purely on the basis of projected structural developments-including development, changes in economic structure, urbanization, and demographics-saving and investment would both decline only mildly in the coming two decades, with ambiguous impact on the current account surplus. However, the potential effect on saving, investment, and the saving-investment balance of several policy adjustments could be large. Several of these policies are identified and their likely impact assessed and quantified. This exercise suggests that rebalancing along these lines should reduce both saving and the current account surplus over time, although the surplus is unlikely to turn into a deficit soon. ""--World Bank web site",https://doi.org/10.1596/1813-9450-3958
Capital Depreciation and Labor Shares Around the World: Measurement and Implications,Loukas Karabarbounis|Brent Neiman,2014,71,Open Access,"The labor share is typically measured as compensation to labor relative to gross value added (""gross labor share""), in part because gross value added is more directly measured than net value added. Labor compensation relative to net value added (""net labor share"") may be more important in some settings, however, because depreciation is not consumed. In this paper we make three contributions. First, we document that gross and net labor shares generally declined together in most countries around the world over the past four decades. Second, we use a simple economic environment to show that declines in the price of capital necessarily cause gross and net labor shares to move in the same direction, whereas other shocks such as a decline in the real interest rate may cause the net labor share to rise when the gross labor share falls. Third, we illustrate that whether the gross or the net labor share is a more useful proxy for inequality during an economy's transition depends sensitively on the nature of the underlying shocks that hit the economy.",https://doi.org/10.3386/w20606
The Productivity Consequences of Pollution-Induced Migration in China,Gaurav Khanna|Wenquan Liang|Ahmed Mushfiq Mobarak|Ran Song,2021,69,Open Access,"Migration and pollution are two defining features of China's impressive growth performance over the last 30 years. In this paper we study the migration response to pollution in Chinese cities, and its consequences for productivity and welfare. We document a robust pattern in which skilled workers emigrate more in response to pollution than the unskilled. Their greater sensitivity to air quality holds up in cross-sectional variation across cities, panel variation with individual fixedeffects, and when instrumenting for pollution using distant power-plants upwind of cities, or thermal inversions that trap pollution. Pollution therefore changes the spatial distribution of skilled and unskilled workers, which results in higher returns to skill in cities that the educated migrate away from. We quantify the loss in aggregate productivity due to this re-sorting by estimating a model of demand and supply of skilled and unskilled workers across Chinese cities. Counterfactual simulations from the estimated model show that reducing pollution would increase productivity through spatial re-sorting by approximately as much as the direct health benefits of clean air. Physical and institutional restrictions on mobility exacerbate welfare losses. People's dislike of pollution explains a substantial portion of the wage gap between cities.",https://doi.org/10.3386/w28401
Severe Air Pollution and Labor Productivity: Evidence from Industrial Towns in China,Jiaxiu He|Haoming Liu|Alberto Salvo,2015,35,Open Access,,https://doi.org/10.2139/ssrn.2581311
Regulating Conglomerates in China: Evidence from an Energy Conservation Program,Qiaoyi Chen|Zhao Chen|Zhikuo Liu|Juan Carlos Suárez Serrato|Daniel Yi Xu,2021,31,Open Access,"We study a prominent energy regulation affecting large Chinese manufacturers that are part of broader conglomerates. Using detailed firm-level data and difference-in-differences research designs, we show that regulated firms cut output and shifted production to unregulated firms in the same conglomerate instead of improving their energy efficiency. Conglomerate spillovers account for 40% of the output loss of regulated firms and substantially reduce aggregate energy savings. Using a structural model, we show that alternative polices that use public information on business networks could lower the shadow cost of the regulation by more than 40% and increase aggregate energy savings by 10%.",https://doi.org/10.3386/w29066
Air Pollution and Advertising Spending: Evidence from an Emerging Market,C. Matthew Shi|Peng Zhang,2022,2,Open Access,,https://doi.org/10.2139/ssrn.4126973
